HIGH,
0.0001618273646,1,aluminum,steel,HIGH,
0.0004624037734,1,aluminum,steel,LOW,
0.000146241138,1,aluminum,steel,MID,0.00001558622655,0.015,steel,,,
0.0002728826649,1,aluminum,steel,MID,